"key","English","Hindi","Gujarati"
"common.goodMorning","Good morning","सुप्रभात","સુપ્રભાત"
"common.goodAfternoon","Good afternoon","नमस्ते","નમસ્તે"
"common.goodEvening","Good evening","शुभ संध्या","શુભ સાંજ"
"common.today","Today","आज","આજે"
"common.yesterday","Yesterday","कल","ગઈકાલે"
"common.sun","Sun","रवि","રવિ"
"common.mon","Mon","सोम","સોમ"
"common.tue","Tue","मंगल","મંગળ"
"common.wed","Wed","बुध","બુધ"
"common.thu","Thu","गुरु","ગુરુ"
"common.fri","Fri","शुक्र","શુક્ર"
"common.sat","Sat","शनि","શનિ"
"common.jan","Jan","जन","જાન્યુ"
"common.feb","Feb","फर","ફેબ્રુ"
"common.mar","Mar","मार्च","માર્ચ"
"common.apr","Apr","अप्रै","એપ્રિ"
"common.may","May","मई","મે"
"common.jun","Jun","जून","જૂન"
"common.jul","Jul","जुला","જુલા"
"common.aug","Aug","अग","ઑગ"
"common.sep","Sep","सित","સપ્ટે"
"common.oct","Oct","अक्टू","ઑક્ટો"
"common.nov","Nov","नव","નવે"
"common.dec","Dec","दिस","ડિસે"
"common.back","Back","वापस","પાછા"
"common.tryAgain","Try again","फिर से कोशिश करें","ફરી પ્રયાસ કરો"
"common.cancel","Cancel","रद्द करें","રદ કરો"
"common.done","Done","हो गया","થઈ ગયું"
"common.next","Next","आगे","આગળ"
"common.skip","Skip","छोड़ें","છોડો"
"common.close","Close","बंद करें","બંધ કરો"
"common.continue","Continue","आगे बढ़ें","આગળ વધો"
"common.rider","Rider","राइडर","રાઇડર"
"common.items.one","{n} item","{n} आइटम","{n} આઇટમ"
"common.items.other","{n} items","{n} आइटम","{n} આઇટમ"
"common.deliveries.one","{n} delivery","{n} डिलीवरी","{n} ડિલિવરી"
"common.deliveries.other","{n} deliveries","{n} डिलीवरी","{n} ડિલિવરી"
"common.minAway","about {n} min","लगभग {n} मिनट","લગભગ {n} મિનિટ"
"common.away","{distance} away","{distance} दूर","{distance} દૂર"
"common.showPassword","Show password","पासवर्ड दिखाएं","પાસવર્ડ બતાવો"
"common.hidePassword","Hide password","पासवर्ड छिपाएं","પાસવર્ડ છુપાવો"
"home.step.toPickup","Going to restaurant","रेस्टोरेंट जा रहे हैं","રેસ્ટોરન્ટ જઈ રહ્યા છો"
"home.step.atPickup","At restaurant","रेस्टोरेंट पर","રેસ્ટોરન્ટ પર"
"home.step.toDrop","Going to customer","ग्राहक के पास जा रहे हैं","ગ્રાહક પાસે જઈ રહ્યા છો"
"home.step.atDrop","At customer","ग्राहक के पास","ગ્રાહક પાસે"
"home.step.done","Done","हो गया","થઈ ગયું"
"home.pickUp","Pick up","पिकअप","પિકઅપ"
"home.deliverTo","Deliver to","डिलीवरी यहाँ","ડિલિવરી અહીં"
"home.continueDelivery","Continue delivery","डिलीवरी जारी रखें","ડિલિવરી ચાલુ રાખો"
"home.todayEarnings","TODAY'S EARNINGS","आज की कमाई","આજની કમાણી"
"home.trips","TRIPS","ट्रिप","ટ્રિપ"
"home.finishSetup","Finish setting up","सेटअप पूरा करें","સેટઅપ પૂરું કરો"
"home.practiceMode","Practice mode","प्रैक्टिस मोड","પ્રેક્ટિસ મોડ"
"home.practiceModeBody","Orders are not being sent to riders yet. You can still go online and learn the app.","अभी राइडर को ऑर्डर नहीं भेजे जा रहे। आप फिर भी ऑनलाइन जाकर ऐप सीख सकते हैं।","હજી રાઇડરને ઓર્ડર મોકલાતા નથી. તમે છતાં ઓનલાઇન થઈને એપ શીખી શકો છો."
"home.noLocation","Location not available","लोकेशन नहीं मिल रही","લોકેશન મળતું નથી"
"home.noLocationBody","{reason}. Turn on GPS so we can send you nearby orders.","{reason}। GPS चालू करें ताकि हम पास के ऑर्डर भेज सकें।","{reason}. GPS ચાલુ કરો જેથી અમે નજીકના ઓર્ડર મોકલી શકીએ."
"home.noServer","Can't reach the server","सर्वर से कनेक्ट नहीं हो पा रहा","સર્વર સાથે કનેક્ટ થતું નથી"
"home.online","You're online","आप ऑनलाइन हैं","તમે ઓનલાઇન છો"
"home.offline","You're offline","आप ऑफलाइन हैं","તમે ઓફલાઇન છો"
"home.lookingForOrders","Looking for orders near you","आपके पास के ऑर्डर ढूंढ रहे हैं","તમારી નજીકના ઓર્ડર શોધી રહ્યા છીએ"
"home.offlineHint","Go online to start getting orders","ऑर्डर पाने के लिए ऑनलाइन जाएं","ઓર્ડર મેળવવા ઓનલાઇન થાઓ"
"home.offlineBody","Go online to start getting delivery orders.","डिलीवरी ऑर्डर पाने के लिए ऑनलाइन जाएं।","ડિલિવરી ઓર્ડર મેળવવા ઓનલાઇન થાઓ."
"home.searching","Looking for orders","ऑर्डर ढूंढ रहे हैं","ઓર્ડર શોધી રહ્યા છીએ"
"home.waitingNearYou","WAITING NEAR YOU","आपके पास इंतज़ार में","તમારી નજીક રાહ જોતા"
"home.waitingNearYouCount","WAITING NEAR YOU · {n}","आपके पास इंतज़ार में · {n}","તમારી નજીક રાહ જોતા · {n}"
"home.seeAll","See all {n}","सभी {n} देखें","બધા {n} જુઓ"
"home.ordersTab","Orders tab","ऑर्डर टैब","ઓર્ડર ટેબ"
"home.nothingWaiting","No orders waiting right now. A new one rings the moment it's yours.","अभी कोई ऑर्डर इंतज़ार में नहीं है। नया ऑर्डर आते ही घंटी बजेगी।","હમણાં કોઈ ઓર્ડર રાહ જોતો નથી. નવો ઓર્ડર આવતા જ ઘંટડી વાગશે."
"toggle.goOnline","Go online","ऑनलाइन जाएं","ઓનલાઇન થાઓ"
"toggle.online","Online","ऑनलाइन","ઓનલાઇન"
"toggle.youAreOnline","You are online","आप ऑनलाइन हैं","તમે ઓનલાઇન છો"
"toggle.youAreOffline","You are offline","आप ऑफलाइन हैं","તમે ઓફલાઇન છો"
"toggle.tapToGoOffline","Double tap to go offline","ऑफलाइन जाने के लिए दो बार टैप करें","ઓફલાઇન થવા બે વાર ટેપ કરો"
"toggle.tapToGoOnline","Double tap to go online","ऑनलाइन जाने के लिए दो बार टैप करें","ઓનલાઇન થવા બે વાર ટેપ કરો"
"orders.title","Orders","ऑर्डर","ઓર્ડર"
"orders.waiting","{n} waiting","{n} इंतज़ार में","{n} રાહ જુએ છે"
"orders.onDelivery","You're on a delivery","आप डिलीवरी पर हैं","તમે ડિલિવરી પર છો"
"orders.finishFirst","Finish it to take another","दूसरा लेने के लिए इसे पूरा करें","બીજો લેવા માટે આ પૂરો કરો"
"orders.continue","Continue","जारी रखें","ચાલુ રાખો"
"orders.offlineHint","Go online to take orders","ऑर्डर लेने के लिए ऑनलाइन जाएं","ઓર્ડર લેવા ઓનલાઇન થાઓ"
"orders.emptyTitle","No orders waiting","कोई ऑर्डर इंतज़ार में नहीं","કોઈ ઓર્ડર રાહ જોતો નથી"
"orders.emptyBody","New ones appear the moment a kitchen accepts. A missed order stays here until a courier is booked.","किचन के ऑर्डर मानते ही नए ऑर्डर यहाँ दिखेंगे। छूटा हुआ ऑर्डर कूरियर बुक होने तक यहीं रहता है।","કિચન ઓર્ડર સ્વીકારે કે તરત નવા ઓર્ડર અહીં દેખાશે. છૂટી ગયેલો ઓર્ડર કુરિયર બુક થાય ત્યાં સુધી અહીં રહે છે."
"orders.take","Take order","ऑर्डर लें","ઓર્ડર લો"
"orders.missed","You missed this - still yours to take","यह आपसे छूट गया - अभी भी ले सकते हैं","આ તમારાથી છૂટી ગયો - હજી લઈ શકો છો"
"orders.to","to {place}","{place} तक","{place} સુધી"
"orders.theCustomer","the customer","ग्राहक","ગ્રાહક"
"orders.trip","{distance} trip","{distance} ट्रिप","{distance} ટ્રિપ"
"home.setupReason","{reason}.","{reason}।","{reason}."
"trip.slideArrivedPickup","Arrived at restaurant","रेस्टोरेंट पहुंच गए","રેસ્ટોરન્ટ પહોંચી ગયા"
"trip.slidePickedUp","Picked up the order","ऑर्डर पिकअप कर लिया","ઓર્ડર પિકઅપ કરી લીધો"
"trip.slideArrivedDrop","Arrived at customer","ग्राहक के पास पहुंच गए","ગ્રાહક પાસે પહોંચી ગયા"
"trip.slideHint","Slide right to confirm","पक्का करने के लिए दाईं ओर स्लाइड करें","પાકું કરવા જમણી બાજુ સ્લાઇડ કરો"
"trip.stepToPickup","Going to the restaurant","रेस्टोरेंट जा रहे हैं","રેસ્ટોરન્ટ જઈ રહ્યા છો"
"trip.stepAtPickup","At the restaurant","रेस्टोरेंट पर","રેસ્ટોરન્ટ પર"
"trip.stepToDrop","Going to the customer","ग्राहक के पास जा रहे हैं","ગ્રાહક પાસે જઈ રહ્યા છો"
"trip.stepAtDrop","At the door","दरवाज़े पर","દરવાજે"
"trip.stepDone","Delivered","डिलीवर हो गया","ડિલિવર થઈ ગયું"
"trip.stepOf","{current} of {total}","{total} में से {current}","{total} માંથી {current}"
"trip.stepOfA11y","Step {current} of {total}: {label}","{total} में से स्टेप {current}: {label}","{total} માંથી સ્ટેપ {current}: {label}"
"trip.arrivingNow","Arriving now","बस पहुंच रहे हैं","બસ પહોંચી રહ્યા છો"
"trip.somethingWrong","Something went wrong. Try again.","कुछ गड़बड़ हो गई। फिर से कोशिश करें।","કંઈક ગડબડ થઈ. ફરી પ્રયાસ કરો."
"trip.newOrder","New order","नया ऑर्डर","નવો ઓર્ડર"
"trip.secondsLeftA11y","{n} seconds left","{n} सेकंड बाकी","{n} સેકન્ડ બાકી"
"trip.seconds","SECONDS","सेकंड","સેકન્ડ"
"trip.couldNotAccept","Could not accept. Try again.","स्वीकार नहीं हो पाया। फिर से कोशिश करें।","સ્વીકારી ન શકાયો. ફરી પ્રયાસ કરો."
"trip.youEarn","YOU EARN","आपकी कमाई","તમારી કમાણી"
"trip.toPickup","{distance} to pickup","पिकअप तक {distance}","પિકઅપ સુધી {distance}"
"trip.tripKm","{km} trip","{km} ट्रिप","{km} ટ્રિપ"
"trip.pickUp","Pick up","पिकअप","પિકઅપ"
"trip.deliverTo","Deliver to","यहां डिलीवर करें","અહીં ડિલિવર કરો"
"trip.customer","Customer","ग्राहक","ગ્રાહક"
"trip.addressAfterAccept","Full address after you accept","पूरा पता स्वीकार करने के बाद","પૂરું સરનામું સ્વીકાર્યા પછી"
"trip.decline","Decline","मना करें","ના પાડો"
"trip.acceptOrder","Accept order","ऑर्डर स्वीकार करें","ઓર્ડર સ્વીકારો"
"trip.ended","This delivery has ended.","यह डिलीवरी खत्म हो गई है।","આ ડિલિવરી પૂરી થઈ ગઈ છે."
"trip.otpLocked","Code locked after wrong tries. Call support.","गलत कोशिशों के बाद कोड लॉक हो गया। सपोर्ट को कॉल करें।","ખોટા પ્રયાસો પછી કોડ લૉક થઈ ગયો. સપોર્ટને કૉલ કરો."
"trip.askCode","Ask the customer for their 4-digit code","ग्राहक से उनका 4 अंकों का कोड मांगें","ગ્રાહક પાસે તેમનો 4 આંકડાનો કોડ માંગો"
"trip.headerMeta","{km} · you earn {amount}","{km} · आपकी कमाई {amount}","{km} · તમારી કમાણી {amount}"
"trip.problemTitle","Having a problem?","कोई दिक्कत है?","કોઈ તકલીફ છે?"
"trip.noNetwork","No network. Your step is saved and will be sent automatically.","नेटवर्क नहीं है। आपका स्टेप सेव है, नेटवर्क आते ही अपने आप भेज दिया जाएगा।","નેટવર્ક નથી. તમારું સ્ટેપ સેવ છે, નેટવર્ક આવતાં જ આપોઆપ મોકલાશે."
"trip.pickUpFrom","Pick up from","यहां से पिकअप","અહીંથી પિકઅપ"
"trip.youAreHere","You are here","आप यहां हैं","તમે અહીં છો"
"trip.call","Call","कॉल करें","કૉલ કરો"
"trip.noPhone","No phone number","फोन नंबर नहीं है","ફોન નંબર નથી"
"trip.navigate","Navigate","रास्ता देखें","રસ્તો જુઓ"
"trip.collect.one","Collect {n} item","{n} आइटम लें","{n} આઇટમ લો"
"trip.collect.other","Collect {n} items","{n} आइटम लें","{n} આઇટમ લો"
"trip.customerCode","Customer's code","ग्राहक का कोड","ગ્રાહકનો કોડ"
"trip.codeWhere","The customer sees it on their order page.","ग्राहक को यह अपने ऑर्डर पेज पर दिखता है।","ગ્રાહકને આ તેમના ઓર્ડર પેજ પર દેખાય છે."
"trip.otpA11y","Customer's 4-digit code","ग्राहक का 4 अंकों का कोड","ગ્રાહકનો 4 આંકડાનો કોડ"
"trip.wrongCode.one","Wrong code. {n} try left.","गलत कोड। {n} कोशिश बाकी।","ખોટો કોડ. {n} પ્રયાસ બાકી."
"trip.wrongCode.other","Wrong code. {n} tries left.","गलत कोड। {n} कोशिश बाकी।","ખોટો કોડ. {n} પ્રયાસ બાકી."
"trip.completeDelivery","Complete delivery","डिलीवरी पूरी करें","ડિલિવરી પૂરી કરો"
"trip.notAnswering","Customer not answering?","ग्राहक फोन नहीं उठा रहा?","ગ્રાહક ફોન નથી ઉપાડતા?"
"trip.callRestaurant","Call the restaurant","रेस्टोरेंट को कॉल करें","રેસ્ટોરન્ટને કૉલ કરો"
"trip.callCustomer","Call the customer","ग्राहक को कॉल करें","ગ્રાહકને કૉલ કરો"
"trip.callSupport","Call support","सपोर्ट को कॉल करें","સપોર્ટને કૉલ કરો"
"trip.supportHint","Wrong address, order not ready, anything else","गलत पता, ऑर्डर तैयार नहीं, या कुछ और","ખોટું સરનામું, ઓર્ડર તૈયાર નથી, કે બીજું કંઈ"
"trip.notAnsweringHelp","Customer not answering? Call them at least {calls} times and wait {minutes} minutes at the door. Calls made: {made}.","ग्राहक फोन नहीं उठा रहा? कम से कम {calls} बार कॉल करें और दरवाज़े पर {minutes} मिनट रुकें। अब तक कॉल: {made}।","ગ્રાહક ફોન નથી ઉપાડતા? ઓછામાં ઓછા {calls} વાર કૉલ કરો અને દરવાજે {minutes} મિનિટ રાહ જુઓ. અત્યાર સુધી કૉલ: {made}."
"trip.customerUnavailable","Customer unavailable","ग्राहक नहीं मिला","ગ્રાહક મળ્યા નહીં"
"trip.unavailableAfter","Available after {minutes} min and {calls} calls","{minutes} मिनट और {calls} कॉल के बाद","{minutes} મિનિટ અને {calls} કૉલ પછી"
"trip.delivered","Delivered!","डिलीवर हो गया!","ડિલિવર થઈ ગયું!"
"trip.withCustomer","Order {code} is with the customer.","ऑर्डर {code} ग्राहक तक पहुंच गया।","ઓર્ડર {code} ગ્રાહકને મળી ગયો."
"trip.youEarned","YOU EARNED","आपकी कमाई","તમારી કમાણી"
"trip.waiting.one","{n} order waiting","{n} ऑर्डर इंतज़ार में","{n} ઓર્ડર રાહ જુએ છે"
"trip.waiting.other","{n} orders waiting","{n} ऑर्डर इंतज़ार में","{n} ઓર્ડર રાહ જુએ છે"
"money.periodToday","Today","आज","આજે"
"money.period7","7 days","7 दिन","7 દિવસ"
"money.period30","30 days","30 दिन","30 દિવસ"
"money.heroToday","TODAY","आज","આજે"
"money.heroWeek","LAST 7 DAYS","पिछले 7 दिन","છેલ્લા 7 દિવસ"
"money.heroMonth","LAST 30 DAYS","पिछले 30 दिन","છેલ્લા 30 દિવસ"
"money.noDeliveriesYet","No deliveries yet","अभी तक कोई डिलीवरी नहीं","હજી કોઈ ડિલિવરી નથી"
"money.heroEach","{deliveries} · {amount} each","{deliveries} · हर एक {amount}","{deliveries} · દરેકના {amount}"
"money.earnings","Earnings","कमाई","કમાણી"
"money.loadFailed","Could not load earnings.","कमाई लोड नहीं हो सकी।","કમાણી લોડ ન થઈ."
"money.pullToRetry","Pull down to try again.","फिर से कोशिश के लिए नीचे खींचें।","ફરી પ્રયાસ કરવા નીચે ખેંચો."
"money.daily","DAILY","रोज़ की","રોજની"
"money.chartA11y","Daily earnings chart. Tap a day to see its amount.","रोज़ की कमाई का चार्ट। रकम देखने के लिए दिन पर टैप करें।","રોજની કમાણીનો ચાર્ટ. રકમ જોવા દિવસ પર ટેપ કરો."
"money.toBePaid","TO BE PAID","मिलना बाकी","મળવાનું બાકી"
"money.paidSoFar","PAID SO FAR","अब तक मिल गया","અત્યાર સુધી મળી ગયું"
"money.paymentsToBank","Payments to your bank","आपके बैंक में पेमेंट","તમારી બેંકમાં પેમેન્ટ"
"money.paymentsFailed","Couldn't load payments","पेमेंट लोड नहीं हो सके","પેમેન્ટ લોડ ન થયા"
"money.nothingPaid","Nothing paid yet","अभी तक कुछ नहीं मिला","હજી કંઈ મળ્યું નથી"
"money.dueArrives","{amount} is due to you. It arrives after the platform pays out.","{amount} मिलना बाकी है। प्लेटफॉर्म के पेमेंट करने के बाद आएगा।","{amount} મળવાનું બાકી છે. પ્લેટફોર્મ પેમેન્ટ કરે પછી આવશે."
"money.eachAdds","Each delivery you finish adds to what is due to you.","हर पूरी डिलीवरी से आपका मिलना बाकी बढ़ता है।","દરેક પૂરી ડિલિવરીથી તમારું મળવાનું બાકી વધે છે."
"money.ref","Ref {reference}","रेफ {reference}","રેફ {reference}"
"money.bankTransfer","Bank transfer","बैंक ट्रांसफर","બેંક ટ્રાન્સફર"
"money.rateInfo","Base + a rate per km, never under the minimum. Rates are on Home.","बेस + हर km का रेट, कभी मिनिमम से कम नहीं। रेट होम पर हैं।","બેઝ + દરેક km નો રેટ, ક્યારેય મિનિમમથી ઓછું નહીં. રેટ હોમ પર છે."
"money.history","History","हिस्ट्री","હિસ્ટ્રી"
"money.loadDeliveriesFailed","Could not load your deliveries.","आपकी डिलीवरी लोड नहीं हो सकीं।","તમારી ડિલિવરી લોડ ન થઈ."
"money.deliveriesFailedTitle","Couldn't load your deliveries","आपकी डिलीवरी लोड नहीं हो सकीं","તમારી ડિલિવરી લોડ ન થઈ"
"money.emptyHint","Go online from Home to start. Every trip you finish shows up here.","शुरू करने के लिए होम से ऑनलाइन जाएं। हर पूरी ट्रिप यहां दिखेगी।","શરૂ કરવા હોમથી ઓનલાઇન થાઓ. દરેક પૂરી ટ્રિપ અહીં દેખાશે."
"money.toPlace","to {name}","{name} तक","{name} સુધી"
"money.endDelivered","Delivered","डिलीवर हो गया","ડિલિવર થઈ ગયું"
"money.endCustomerUnavailable","Customer unavailable","ग्राहक नहीं मिला","ગ્રાહક મળ્યા નહીં"
"money.endCancelled","Cancelled","कैंसल","કેન્સલ"
"money.endReassigned","Reassigned","दूसरे राइडर को दिया","બીજા રાઇડરને આપ્યો"
"money.endEnded","Ended","खत्म","પૂરું"
"money.stepAccepted","Accepted","स्वीकार किया","સ્વીકાર્યો"
"money.stepReachedRestaurant","Reached restaurant","रेस्टोरेंट पहुंचे","રેસ્ટોરન્ટ પહોંચ્યા"
"money.stepPickedUp","Picked up","पिकअप किया","પિકઅપ કર્યું"
"money.stepReachedCustomer","Reached customer","ग्राहक तक पहुंचे","ગ્રાહક પાસે પહોંચ્યા"
"money.youEarned","YOU EARNED","आपकी कमाई","તમારી કમાણી"
"money.distance","DISTANCE","दूरी","અંતર"
"money.timeline","TIMELINE","टाइमलाइन","ટાઇમલાઇન"
"money.didNotHappen","Did not happen","नहीं हुआ","થયું નહીં"
"money.pickedUpFrom","Picked up from","यहां से पिकअप","અહીંથી પિકઅપ"
"money.deliveredTo","Delivered to","यहां डिलीवर किया","અહીં ડિલિવર કર્યું"
"money.wasGoingTo","Was going to","यहां जाना था","અહીં જવાનું હતું"
"money.thisWeek","THIS WEEK","इस हफ्ते","આ અઠવાડિયે"
"money.earned","Earned","कमाई","કમાણી"
"money.deliveries","Deliveries","डिलीवरी","ડિલિવરી"
"money.perDelivery","Per delivery","हर डिलीवरी","દરેક ડિલિવરી"
"money.howYouEarn","How you earn","आपकी कमाई कैसे होती है","તમારી કમાણી કેવી રીતે"
"money.payRule","{base} + {perKm} per km, at least {minimum}. A 4 km trip pays {example}.","{base} + हर km के {perKm}, कम से कम {minimum}। 4 km की ट्रिप पर {example} मिलते हैं।","{base} + દરેક km ના {perKm}, ઓછામાં ઓછા {minimum}. 4 km ની ટ્રિપમાં {example} મળે."
"account.tab.home","Home","होम","હોમ"
"account.tab.orders","Orders","ऑर्डर","ઓર્ડર"
"account.tab.earnings","Earnings","कमाई","કમાણી"
"account.tab.history","History","हिस्ट्री","હિસ્ટ્રી"
"account.tab.profile","Profile","प्रोफाइल","પ્રોફાઇલ"
"account.profile.title","Profile","प्रोफाइल","પ્રોફાઇલ"
"account.profile.vehicleBike","Motorbike","मोटरसाइकिल","મોટરસાઇકલ"
"account.profile.vehicleScooter","Scooter","स्कूटर","સ્કૂટર"
"account.profile.vehicleCycle","Bicycle","साइकिल","સાઇકલ"
"account.profile.finishFirstTitle","Finish your delivery first","पहले डिलीवरी पूरी करें","પહેલા ડિલિવરી પૂરી કરો"
"account.profile.finishFirstBody","You cannot sign out while carrying an order.","ऑर्डर साथ में हो तब आप साइन आउट नहीं कर सकते।","ઓર્ડર સાથે હોય ત્યારે તમે સાઇન આઉટ નહીં કરી શકો."
"account.profile.signOutTitle","Sign out?","साइन आउट करें?","સાઇન આઉટ કરવું છે?"
"account.profile.signOutBody","You will stop getting orders on this phone.","इस फोन पर ऑर्डर आना बंद हो जाएंगे।","આ ફોન પર ઓર્ડર આવવાનું બંધ થઈ જશે."
"account.profile.stay","Stay","रहने दें","રહેવા દો"
"account.profile.signOut","Sign out","साइन आउट","સાઇન આઉટ"
"account.profile.settings","SETTINGS","सेटिंग्स","સેટિંગ્સ"
"account.profile.permissions","Permissions","परमिशन","પરમિશન"
"account.profile.appearance","Appearance","थीम","થીમ"
"account.profile.dark","Dark","डार्क","ડાર્ક"
"account.profile.light","Light","लाइट","લાઇટ"
"account.profile.modeFromPhone","{mode} · phone","{mode} · फोन","{mode} · ફોન"
"account.profile.highContrast","High contrast","हाई कॉन्ट्रास्ट","હાઇ કૉન્ટ્રાસ્ટ"
"account.profile.highContrastHint","For bright sun","तेज़ धूप के लिए","તેજ તડકા માટે"
"account.profile.guide","GUIDE","गाइड","ગાઇડ"
"account.profile.howItWorks","How the app works","ऐप कैसे चलता है","એપ કેવી રીતે ચાલે છે"
"account.profile.showTips","Show tips again","टिप्स फिर दिखाएं","ટિપ્સ ફરી બતાવો"
"account.profile.testAlert","Test the order alert","ऑर्डर अलर्ट टेस्ट करें","ઓર્ડર અલર્ટ ટેસ્ટ કરો"
"account.profile.listen","Listen…","सुनिए…","સાંભળો…"
"account.profile.notificationsOff","Notifications are off","नोटिफिकेशन बंद हैं","નોટિફિકેશન બંધ છે"
"account.profile.help","HELP","मदद","મદદ"
"account.profile.callSupport","Call support","सपोर्ट को कॉल करें","સપોર્ટને કૉલ કરો"
"account.theme.systemLabel","Follow the phone","फोन जैसा","ફોન મુજબ"
"account.theme.systemHint","Dark at night if your phone is","फोन रात में डार्क हो तो यह भी","ફોન રાત્રે ડાર્ક હોય તો આ પણ"
"account.theme.lightHint","Easier in bright sun","तेज़ धूप में साफ़ दिखे","તડકામાં સાફ દેખાય"
"account.theme.darkHint","Easier on the eyes at night","रात में आंखों को आराम","રાત્રે આંખોને આરામ"
"account.login.phoneProblem","Enter your 10-digit mobile number","अपना 10 अंकों का मोबाइल नंबर डालें","તમારો 10 આંકડાનો મોબાઇલ નંબર નાખો"
"account.login.passwordProblem","Your password has at least 8 characters","पासवर्ड कम से कम 8 अक्षर का होता है","પાસવર્ડ ઓછામાં ઓછા 8 અક્ષરનો હોય છે"
"account.login.mismatch","That phone number and password do not match.","फोन नंबर और पासवर्ड मेल नहीं खाते।","ફોન નંબર અને પાસવર્ડ મેળ ખાતા નથી."
"account.login.failed","Could not sign in. Try again.","साइन इन नहीं हो पाया। फिर से कोशिश करें।","સાઇન ઇન ન થયું. ફરી પ્રયાસ કરો."
"account.login.welcome","Welcome back","फिर से स्वागत है","ફરી સ્વાગત છે"
"account.login.lead","Sign in to start taking orders.","ऑर्डर लेना शुरू करने के लिए साइन इन करें।","ઓર્ડર લેવાનું શરૂ કરવા સાઇન ઇન કરો."
"account.login.mobile","Mobile number","मोबाइल नंबर","મોબાઇલ નંબર"
"account.login.password","Password","पासवर्ड","પાસવર્ડ"
"account.login.passwordPlaceholder","Your password","आपका पासवर्ड","તમારો પાસવર્ડ"
"account.login.signIn","Sign in","साइन इन","સાઇન ઇન"
"account.login.help","New rider or forgot your password?","नए राइडर हैं या पासवर्ड भूल गए?","નવા રાઇડર છો કે પાસવર્ડ ભૂલી ગયા?"
"account.login.callManager","Call your manager","मैनेजर को कॉल करें","મેનેજરને કૉલ કરો"
"account.splash.tagline","Deliver smiles, earn more.","खुशियां पहुंचाएं, ज़्यादा कमाएं।","ખુશી પહોંચાડો, વધુ કમાઓ."
"account.perm.title","Three quick things","बस तीन चीज़ें","બસ ત્રણ વસ્તુ"
"account.perm.lead","The app needs these to send you orders.","आपको ऑर्डर भेजने के लिए ऐप को इनकी ज़रूरत है।","તમને ઓર્ડર મોકલવા એપને આની જરૂર છે."
"account.perm.location","Location","लोकेशन","લોકેશન"
"account.perm.locationWhy","We send you orders from restaurants near you, and customers see you arriving.","हम आपको पास के रेस्टोरेंट से ऑर्डर भेजते हैं, और ग्राहक देख पाते हैं कि आप आ रहे हैं।","અમે તમને નજીકના રેસ્ટોરન્ટના ઓર્ડર મોકલીએ છીએ, અને ગ્રાહક જોઈ શકે છે કે તમે આવી રહ્યા છો."
"account.perm.notifications","Notifications","नोटिफिकेशन","નોટિફિકેશન"
"account.perm.notificationsWhy","A new order rings even when your screen is off, so you never miss one.","स्क्रीन बंद हो तब भी नया ऑर्डर बजेगा, ताकि कोई ऑर्डर न छूटे।","સ્ક્રીન બંધ હોય ત્યારે પણ નવો ઓર્ડર વાગશે, જેથી એક પણ ઓર્ડર ન છૂટે."
"account.perm.battery","Run in the background","बैकग्राउंड में चलने दें","બેકગ્રાઉન્ડમાં ચાલવા દો"
"account.perm.batteryWhy","Without this, your phone closes the app to save battery and orders stop reaching you.","इसके बिना फोन बैटरी बचाने के लिए ऐप बंद कर देता है और ऑर्डर आना रुक जाते हैं।","આના વગર ફોન બેટરી બચાવવા એપ બંધ કરી દે છે અને ઓર્ડર આવતા બંધ થઈ જાય છે."
"account.perm.allow","Allow","अनुमति दें","મંજૂરી આપો"
"account.perm.autoStartTitle","Phone has its own battery saver?","फोन में अलग बैटरी सेवर है?","ફોનમાં અલગ બેટરી સેવર છે?"
"account.perm.autoStartBody","Xiaomi, Realme, Oppo and Vivo add one more switch. Turn on auto-start for this app.","Xiaomi, Realme, Oppo और Vivo में एक और स्विच होता है। इस ऐप के लिए ऑटो-स्टार्ट चालू करें।","Xiaomi, Realme, Oppo અને Vivo માં એક વધુ સ્વિચ હોય છે. આ એપ માટે ઑટો-સ્ટાર્ટ ચાલુ કરો."
"account.perm.open","Open","खोलें","ખોલો"
"account.perm.allSet","All set","सब तैयार","બધું તૈયાર"
"account.perm.notNow","Not now","अभी नहीं","હમણાં નહીં"
"account.perm.reasonLocation","Allow location to start getting orders","ऑर्डर पाने के लिए लोकेशन चालू करें","ઓર્ડર મેળવવા લોકેશન ચાલુ કરો"
"account.perm.reasonNotifications","Allow notifications to start getting orders","ऑर्डर पाने के लिए नोटिफिकेशन चालू करें","ઓર્ડર મેળવવા નોટિફિકેશન ચાલુ કરો"
"account.perm.reasonBattery","Let the app run in the background to start getting orders","ऑर्डर पाने के लिए ऐप को बैकग्राउंड में चलने दें","ઓર્ડર મેળવવા એપને બેકગ્રાઉન્ડમાં ચાલવા દો"
"account.intro.howItWorks","HOW IT WORKS","ऐप कैसे चलता है","એપ કેવી રીતે ચાલે છે"
"account.intro.letsSetUp","Let's set up","सेटअप करें","સેટઅપ કરો"
"account.intro.cardOf","Card {n} of {count}","{count} में से कार्ड {n}","{count} માંથી કાર્ડ {n}"
"account.intro.slideLabel","Arrived at restaurant","रेस्टोरेंट पहुंच गए","રેસ્ટોરન્ટ પહોંચ્યા"
"account.intro.slideDone","That's it. The customer now sees you're there.","बस इतना ही। अब ग्राहक को पता है कि आप पहुंच गए।","બસ આટલું જ. હવે ગ્રાહકને ખબર છે કે તમે પહોંચી ગયા."
"account.intro.slideTry","Try it: slide the knob all the way.","करके देखें: बटन को पूरा स्लाइड करें।","કરી જુઓ: બટનને છેક સુધી સ્લાઇડ કરો."
"account.intro.youEarned","YOU EARNED","आपकी कमाई","તમારી કમાણી"
"account.intro.onlineTitle","Go online when you start","काम शुरू करते ही ऑनलाइन जाएं","કામ શરૂ કરો ત્યારે ઓનલાઇન થાઓ"
"account.intro.onlineBody","Orders only come while this is on. Switch it off when your shift ends. Try it.","यह चालू हो तभी ऑर्डर आते हैं। शिफ्ट खत्म हो तो बंद करें। करके देखें।","આ ચાલુ હોય ત્યારે જ ઓર્ડર આવે છે. શિફ્ટ પૂરી થાય ત્યારે બંધ કરો. કરી જુઓ."
"account.intro.ringTitle","An order rings like a call","ऑर्डर कॉल की तरह बजता है","ઓર્ડર કૉલની જેમ વાગે છે"
"account.intro.ringBody","You see what it pays and how far it is. Accept before the ring runs out - declining costs nothing.","दिखता है कितना मिलेगा और कितनी दूर है। रिंग खत्म होने से पहले स्वीकार करें - मना करने पर कुछ नहीं कटता।","દેખાય છે કે કેટલા મળશે અને કેટલું દૂર છે. રિંગ પૂરી થાય એ પહેલાં સ્વીકારો - ના પાડવાથી કંઈ કપાતું નથી."
"account.intro.slideTitle","Slide at every stop","हर स्टॉप पर स्लाइड करें","દરેક સ્ટોપ પર સ્લાઇડ કરો"
"account.intro.slideBody","Reached the restaurant? Slide. Picked up? Slide. A slide, not a tap, so a bump on the road cannot do it for you.","रेस्टोरेंट पहुंचे? स्लाइड करें। पिकअप किया? स्लाइड करें। टैप नहीं, स्लाइड - ताकि सड़क के झटके से अपने आप न हो जाए।","રેસ્ટોરન્ટ પહોંચ્યા? સ્લાઇડ કરો. પિકઅપ કર્યું? સ્લાઇડ કરો. ટૅપ નહીં, સ્લાઇડ - જેથી રસ્તાના ઝટકાથી જાતે ન થઈ જાય."
"account.intro.codeTitle","The customer's code pays you","ग्राहक के कोड से पैसे मिलते हैं","ગ્રાહકના કોડથી પૈસા મળે છે"
"account.intro.codeBody","At the door, ask for the 4-digit code on their order page. Type it and the delivery is done - and paid.","दरवाज़े पर ग्राहक से उनके ऑर्डर पेज का 4 अंकों का कोड मांगें। कोड डालते ही डिलीवरी पूरी - और पैसे पक्के।","દરવાજે ગ્રાહક પાસે તેમના ઓર્ડર પેજનો 4 આંકડાનો કોડ માંગો. કોડ નાખતાં જ ડિલિવરી પૂરી - અને પૈસા પાકા."
"account.guide.stepOf","{n} OF {count}","{count} में से {n}","{count} માંથી {n}"
"account.tip.homeToggleTitle","Go online to get orders","ऑर्डर के लिए ऑनलाइन जाएं","ઓર્ડર માટે ઓનલાઇન થાઓ"
"account.tip.homeToggleBody","Tap here at the start of your shift. Orders only come while you're online.","शिफ्ट शुरू होते ही यहां टैप करें। ऑनलाइन रहने पर ही ऑर्डर आते हैं।","શિફ્ટ શરૂ થાય ત્યારે અહીં ટૅપ કરો. ઓનલાઇન હો ત્યારે જ ઓર્ડર આવે છે."
"account.tip.homeTodayTitle","What you've made today","आज की कमाई","આજની કમાણી"
"account.tip.homeTodayBody","Updates after every delivery. The Earnings tab has the whole week.","हर डिलीवरी के बाद अपडेट होती है। पूरे हफ्ते की कमाई, कमाई टैब में।","દરેક ડિલિવરી પછી અપડેટ થાય છે. આખા અઠવાડિયાની કમાણી, કમાણી ટૅબમાં."
"account.tip.tabOrdersTitle","Orders waiting near you","आपके पास इंतज़ार में ऑर्डर","તમારી નજીક રાહ જોતા ઓર્ડર"
"account.tip.tabOrdersBody","Any order nobody has taken yet. Take one from here when you're online and free.","जो ऑर्डर अभी किसी ने नहीं लिया। ऑनलाइन और फ्री हों तो यहां से ऑर्डर लें।","જે ઓર્ડર હજુ કોઈએ નથી લીધો. ઓનલાઇન અને ફ્રી હો ત્યારે અહીંથી ઓર્ડર લો."
"account.tip.ordersTakeTitle","Take an order","ऑर्डर लें","ઓર્ડર લો"
"account.tip.ordersTakeBody","Looking is free. Taking needs you online with no delivery in hand.","देखना हमेशा खुला है। लेने के लिए ऑनलाइन रहें और हाथ में कोई डिलीवरी न हो।","જોવાનું હંમેશાં ખુલ્લું છે. લેવા માટે ઓનલાઇન રહો અને હાથમાં કોઈ ડિલિવરી ન હોય."
"account.tip.tripStepsTitle","Where you are","आप कहां तक पहुंचे","તમે ક્યાં સુધી પહોંચ્યા"
"account.tip.tripStepsBody","Four steps: restaurant, collect, customer, deliver. The bar fills as you go.","चार स्टेप: रेस्टोरेंट, पिकअप, ग्राहक, डिलीवरी। आगे बढ़ते ही बार भरता है।","ચાર સ્ટેપ: રેસ્ટોરન્ટ, પિકઅપ, ગ્રાહક, ડિલિવરી. આગળ વધો તેમ બાર ભરાય છે."
"account.tip.tripSlideTitle","Slide when you're there","पहुंचकर स्लाइड करें","પહોંચીને સ્લાઇડ કરો"
"account.tip.tripSlideBody","Only slide once you've actually arrived. It tells the customer where their food is.","सच में पहुंचने के बाद ही स्लाइड करें। इससे ग्राहक को पता चलता है कि खाना कहां है।","ખરેખર પહોંચો પછી જ સ્લાઇડ કરો. એનાથી ગ્રાહકને ખબર પડે છે કે જમવાનું ક્યાં છે."
"account.tip.tripOtpTitle","Ask for the code","कोड मांगें","કોડ માંગો"
"account.tip.tripOtpBody","The customer has a 4-digit code on their order page. Type it and you're paid.","ग्राहक के ऑर्डर पेज पर 4 अंकों का कोड है। उसे डालें और पैसे पक्के।","ગ્રાહકના ઓર્ડર પેજ પર 4 આંકડાનો કોડ છે. એ નાખો અને પૈસા પાકા."
"account.tip.earningsUnpaidTitle","To be paid","मिलना बाकी","મળવાનું બાકી"
"account.tip.earningsUnpaidBody","Everything you've earned that hasn't reached your bank yet. Payments appear below.","आपकी वो कमाई जो अभी बैंक में नहीं आई। पेमेंट नीचे दिखते हैं।","તમારી એ કમાણી જે હજુ બેંકમાં નથી આવી. પેમેન્ટ નીચે દેખાય છે."
"account.offline","No connection. We keep trying.","इंटरनेट नहीं है। हम कोशिश कर रहे हैं।","ઇન્ટરનેટ નથી. અમે પ્રયાસ ચાલુ રાખીએ છીએ."
"account.crash.title","Something went wrong","कुछ गड़बड़ हो गई","કંઈક ગડબડ થઈ"
"account.crash.body","Your delivery and status are safe on the server. Tap below to reload.","आपकी डिलीवरी और स्टेटस सर्वर पर सुरक्षित हैं। दोबारा लोड करने के लिए नीचे टैप करें।","તમારી ડિલિવરી અને સ્ટેટસ સર્વર પર સુરક્ષિત છે. ફરી લોડ કરવા નીચે ટૅપ કરો."
"account.language.title","Language","भाषा","ભાષા"
"account.language.phone","Follow the phone","फोन जैसी","ફોન મુજબ"
"account.language.phoneHint","Now {name}","अभी {name}","હમણાં {name}"
"system.channelOffers","New orders","नए ऑर्डर","નવા ઓર્ડર"
"system.channelOffersDesc","Rings when an order is offered to you. Keep this on while you are online.","जब आपको ऑर्डर मिले तब घंटी बजती है। ऑनलाइन रहते समय इसे चालू रखें।","તમને ઓર્ડર મળે ત્યારે રિંગ વાગે છે. ઓનલાઇન હો ત્યારે આ ચાલુ રાખો."
"system.channelUpdates","Trip updates","ट्रिप अपडेट","ટ્રિપ અપડેટ"
"system.channelUpdatesDesc","A delivery you are on was changed or cancelled.","आपकी चल रही डिलीवरी बदली गई या कैंसल हुई।","તમારી ચાલુ ડિલિવરી બદલાઈ કે કેન્સલ થઈ."
"system.offerTitle","New delivery order","नया डिलीवरी ऑर्डर","નવો ડિલિવરી ઓર્ડર"
"system.offerBody","Tap to see what it pays and accept it.","कितना मिलेगा देखने और स्वीकार करने के लिए टैप करें।","કેટલા મળશે તે જોવા અને સ્વીકારવા ટેપ કરો."
"system.testTitle","This is what a new order sounds like","नया ऑर्डर ऐसे बजता है","નવો ઓર્ડર આવો વાગે છે"
"system.testBody","A real one shows what it pays and how far it is.","असली ऑर्डर में दिखेगा कितना मिलेगा और कितनी दूर है।","સાચા ઓર્ડરમાં દેખાશે કેટલા મળશે અને કેટલું દૂર છે."
"system.cancelledTitle","Delivery cancelled","डिलीवरी कैंसल","ડિલિવરી કેન્સલ"
"system.cancelledBody","The order was cancelled. Tap to see your earnings for it.","ऑर्डर कैंसल हो गया। इसकी कमाई देखने के लिए टैप करें।","ઓર્ડર કેન્સલ થયો. તેની કમાણી જોવા ટેપ કરો."
"system.channelShift","On shift","शिफ्ट पर","શિફ્ટ પર"
"system.channelShiftDesc","Shown while you are online, so the app can keep sharing your location.","ऑनलाइन रहते समय दिखता है, ताकि ऐप आपकी लोकेशन भेजता रहे।","ઓનલાઇન હો ત્યારે દેખાય છે, જેથી એપ તમારું લોકેશન મોકલતી રહે."
"system.shiftOnlineTitle","You are online","आप ऑनलाइन हैं","તમે ઓનલાઇન છો"
"system.shiftOnlineBody","Looking for orders near you. Tap to open.","आपके पास के ऑर्डर ढूंढ रहे हैं। खोलने के लिए टैप करें।","તમારી નજીકના ઓર્ડર શોધીએ છીએ. ખોલવા ટેપ કરો."
"system.shiftTripTitle","Delivery in progress","डिलीवरी चल रही है","ડિલિવરી ચાલુ છે"
"system.shiftTripBody","Sharing your location with the customer. Tap to open.","ग्राहक को आपकी लोकेशन दिख रही है। खोलने के लिए टैप करें।","ગ્રાહકને તમારું લોકેશન દેખાય છે. ખોલવા ટેપ કરો."
"system.errOfferTaken","Another rider took this order.","यह ऑर्डर किसी और राइडर ने ले लिया।","આ ઓર્ડર બીજા રાઇડરે લઈ લીધો."
"system.errOfferExpired","This offer has expired.","यह ऑफर खत्म हो गया।","આ ઓફર પૂરી થઈ ગઈ."
"system.errOutOfOrder","Finish the previous step first.","पहले पिछला स्टेप पूरा करें।","પહેલાં અગાઉનું સ્ટેપ પૂરું કરો."
"system.errOtpLocked","Too many wrong codes. Call support to finish this delivery.","बहुत बार गलत कोड डाला। डिलीवरी पूरी करने के लिए सपोर्ट को कॉल करें।","ઘણી વાર ખોટો કોડ નાખ્યો. ડિલિવરી પૂરી કરવા સપોર્ટને કૉલ કરો."
"system.errTooEarly","Wait a little longer at the door and call the customer twice first.","दरवाज़े पर थोड़ा और रुकें और पहले ग्राहक को दो बार कॉल करें।","દરવાજે થોડી વાર વધુ રાહ જુઓ અને પહેલાં ગ્રાહકને બે વાર કૉલ કરો."
"system.errOnTrip","Finish your current delivery before going offline.","ऑफलाइन जाने से पहले अभी की डिलीवरी पूरी करें।","ઓફલાઇન થતાં પહેલાં હાલની ડિલિવરી પૂરી કરો."
"system.errTripEnded","This delivery has already ended.","यह डिलीवरी पहले ही खत्म हो चुकी है।","આ ડિલિવરી પહેલેથી પૂરી થઈ ગઈ છે."
"system.errValidation","Please check what you entered.","आपने जो डाला है उसे एक बार चेक करें।","તમે જે નાખ્યું તે એક વાર ચેક કરો."
"system.errAuth","Your session has ended. Please sign in again.","आपका सेशन खत्म हो गया। फिर से साइन इन करें।","તમારું સેશન પૂરું થયું. ફરી સાઇન ઇન કરો."
"system.errForbidden","This account cannot use the rider app.","यह अकाउंट राइडर ऐप नहीं चला सकता।","આ એકાઉન્ટ રાઇડર એપ વાપરી શકતું નથી."
"system.errRateLimited","Too many tries. Wait a minute and try again.","बहुत ज़्यादा कोशिश हुई। एक मिनट रुककर फिर से करें।","ઘણી વાર પ્રયત્ન થયો. એક મિનિટ રાહ જોઈ ફરી કરો."
"system.errServer","Something went wrong on our side. Try again in a moment.","हमारी तरफ से कुछ गड़बड़ हुई। थोड़ी देर में फिर से करें।","અમારી બાજુ કંઈક ગડબડ થઈ. થોડી વારમાં ફરી કરો."
"system.errGeneric","Something went wrong. Try again.","कुछ गड़बड़ हुई। फिर से करें।","કંઈક ગડબડ થઈ. ફરી કરો."
"system.errNetwork","No connection. Check your internet and try again.","इंटरनेट नहीं है। कनेक्शन चेक करके फिर से करें।","ઇન્ટરનેટ નથી. કનેક્શન ચેક કરીને ફરી કરો."
"system.signedOut","You were signed out. Please sign in again.","आप साइन आउट हो गए। फिर से साइन इन करें।","તમે સાઇન આઉટ થઈ ગયા. ફરી સાઇન ઇન કરો."
"system.locationUnavailable","Location is not available","लोकेशन नहीं मिल रही","લોકેશન મળતું નથી"
"system.claimTaken","Another rider took this one first.","यह ऑर्डर किसी और राइडर ने पहले ले लिया।","આ ઓર્ડર બીજા રાઇડરે પહેલાં લઈ લીધો."
"system.claimOffline","Go online to take orders.","ऑर्डर लेने के लिए ऑनलाइन जाएं।","ઓર્ડર લેવા ઓનલાઇન થાઓ."
"system.claimBusy","Finish your current delivery first.","पहले अभी की डिलीवरी पूरी करें।","પહેલાં હાલની ડિલિવરી પૂરી કરો."
"system.claimFailed","Could not take this order. Try again.","यह ऑर्डर नहीं ले पाए। फिर से करें।","આ ઓર્ડર લઈ ન શક્યા. ફરી કરો."
"system.lastMinute","Last minute","आखिरी मिनट","છેલ્લી મિનિટ"
"system.minutesLeft","{n} min left","{n} मिनट बाकी","{n} મિનિટ બાકી"
"system.blockedBusy","Finish your current delivery first","पहले अभी की डिलीवरी पूरी करें","પહેલાં હાલની ડિલિવરી પૂરી કરો"
"system.blockedOffline","Go online to take orders","ऑर्डर लेने के लिए ऑनलाइन जाएं","ઓર્ડર લેવા ઓનલાઇન થાઓ"
"system.takingAnother","Taking another order","दूसरा ऑर्डर ले रहे हैं","બીજો ઓર્ડર લઈ રહ્યા છીએ"
"system.statusFailed","Could not change your status.","आपका स्टेटस नहीं बदल पाए।","તમારું સ્ટેટસ બદલી ન શક્યા."
"system.finishToGoOffline","Finish your delivery to go offline","ऑफलाइन जाने के लिए डिलीवरी पूरी करें","ઓફલાઇન થવા ડિલિવરી પૂરી કરો"